Title;Editor;Size (words);Real size (tokens);Dates;Language;Form;Genre;Subgenre;Group;Author;Link;Comment
A bairgen ataí i ngábud;"Richard Irvine Best; Osborn Bergin";—;450;1150–1230;Middle Irish;Prosimetry;—;—;—;Unknown;https://celt.ucc.ie//published/G800011A/text041.html;Lebar na Núachongbála (A)
A ben bennacht fort na raid;"Richard Irvine Best; M.A. O'Brien";—;237;1150–1202;Middle Irish;Prosimetry;—;—;—;Unknown;https://celt.ucc.ie//published/G800011E/text018.html;Lebar na Núachongbála (E)
A Chloch thall for elaid úair;"Richard Irvine Best; M.A. O'Brien";—;200;1150–1216;Middle Irish;Verse;—;—;—;Cinaed hua Artacain;https://celt.ucc.ie/published/G800011C/text027.html;Lebar na Núachongbála (C)
A Chóicid chóem Chairpri chrúaid;"Richard Irvine Best; Osborn Bergin";—;374;1150–1224;Middle Irish;Verse;—;—;—;Unknown;https://celt.ucc.ie//published/G800011A/text035.html;Lebar na Núachongbála (A)
A Chormaic coisc do maicni;"Richard Irvine Best; M.A. O'Brien";—;720;1150–1212;Middle Irish;Verse;—;—;—;Unknown;https://celt.ucc.ie/published/G800011C/text023.html;Lebar na Núachongbála (C)
A Gillu gairm n–ilgrada ;"Richard Irvine Best; Osborn Bergin";—;574;1150–1195;Middle Irish;Verse;—;—;—;Fland Manistrech ;https://celt.ucc.ie//published/G800011A/text006.html;Lebar na Núachongbála (A)
A Maccáin ná cí;"Richard Irvine Best; M.A. O'Brien";—;1101;1150–1206;Middle Irish;Verse;—;—;—;Ailill Ólomm;https://celt.ucc.ie/published/G800011C/text017.html;Lebar na Núachongbála (C)
A Mór Maigne Moigi Siúil;Kuno Meyer;775;224;940–990;Middle Irish;Verse;Narrative;—;Fenian cycle;Erard mac Coisse;https://celt.ucc.ie//published/G303017/
A Ngluind a n–echta a n–orgni;"Richard Irvine Best; M.A. O'Brien";—;168;1150–1196;Middle Irish;Verse; –;—;Unknown;https://celt.ucc.ie//published/G800011D/text007.html;Lebar na Núachongbála (D)
A Rí richid, réidig dam (Finn episode);Kuno Meyer;1750;423;1150–1190;Middle Irish;Verse;Narrative;—;Fenian cycle;Gilla in Chomded húa Cormaic;ttps://celt.ucc.ie//published/G303018/;"poet; на редакцию Куно Мейера можно полагаться, не должно быть жесткой нормализации языка (Э. Поппе)"
Acallam na Senórach;Whitley Stokes;105200;76786;1100–1200;"Middle Irish;Early Modern Irish";Prosimetry;Narrative;Acallam;Fenian cycle;Unknown;https://celt.ucc.ie//published/G303000/
Adam oenathair na ndoene;"Richard Irvine Best; M.A. O'Brien";—;4780;1150–1197;Middle Irish;Verse;—;—;—;Gilla Mo Dutu;https://celt.ucc.ie/published/G800011C/text008.html;Lebar na Núachongbála (C)
Aided Cheltchair meic Uthechair;"Richard Irvine Best; Osborn Bergin";—;7640;1150–1196;Middle Irish;Prose;Narrative;Aided;—;Unknown;https://celt.ucc.ie/published/G800011B/text008.html;Lebar na Núachongbála (B)
Aided Choncobuir;"Richard Irvine Best; Osborn Bergin";—;451;1150–1202;Middle Irish;Prose;Narrative;Aided;Ulster cycle;Unknown;https://celt.ucc.ie/published/G800011B/text014.html;Lebar na Núachongbála (B)
Aided Chuind Chétchathaig;Osborn Bergin;845;340;900–1200;Middle Irish;Prosimetry;Narrative;Aided;Ulster cycle;Unknown;https://celt.ucc.ie//published/G301043/
Aided Conrói maic Dáiri;Rudolf Thurneysen;2325;714;600–900;Old Irish;Prosimetry;Narrative;Aided;Ulster cycle;Unknown;https://celt.ucc.ie//published/G301031/;Турнейзен — ненадежный редактор, много наисправлял (Э. Поппе)
Aided Cuanach meic Ailchini;"Richard Irvine Best; M.A. O'Brien";—;1160;1150–1198;Middle Irish;Prosimetry;Narrative;Aided;—;Unknown;https://celt.ucc.ie//published/G800011E/text014.html;Lebar na Núachongbála (E)
Aided Derb Forgaill;"Richard Irvine Best; Osborn Bergin";—;961;1150–1204;Middle Irish;Prosimetry;Narrative;Aided;—;Unknown;https://celt.ucc.ie/published/G800011B/text016.html;Lebar na Núachongbála (B)
Aided Echach meic Maíreda;"Richard Irvine Best; Osborn Bergin";—;769;550–1152;"Old Irish;Middle Irish";Prosimetry;Narrative;Aided;—;Unknown;https://celt.ucc.ie/published/G301900/text016.html;"Lebor na hUidre; diplomatic"
Aided Finn;Kuno Meyer;2000;294;1000–1200;Middle Irish;Prosimetry;Narrative;Aided;Fenian cycle;Unknown;https://celt.ucc.ie/published/G303003/; На редакцию Куно Мейера можно полагаться, не должно быть жесткой нормализации языка (Э. Поппе)
Aided Guill meic Carbada & Aided Gairb Glinne Rigi;"Richard Irvine Best; Osborn Bergin";—;1747;1150–1190;Middle Irish;Prosimetry;Narrative;Aided;—;Unknown;https://celt.ucc.ie/published/G800011B/text002.html;Lebar na Núachongbála (B)
Aided Lugdach occus Derbforgaille;Carl Marstrander;1475;758;900–1200;Middle Irish;Prose;Narrative;Aided;Ulster cycle;Unknown;http://research.ucc.ie/celt/document/G301028/
Aided Meidbe;"Richard Irvine Best; Osborn Bergin";—;3841;1150–1203;Middle Irish;Prose;Narrative;Aided;Ulster cycle;Unknown;https://celt.ucc.ie/published/G800011B/text015.html;Lebar na Núachongbála (B)
Aided Muirchertaig Meic Erca;Lil Nic Dhonnchadha;11850;6354;"1399;1400–1500";Middle Irish;Prosimetry;Narrative;Aided;Cycle of the Kings;Unknown;https://celt.ucc.ie//published/G302026/;Вроде редактор вообще не изменяла текст
Aided Nath Í & á adnacol;"Richard Irvine Best; Osborn Bergin";—;445;550–1151;"Old Irish;Middle Irish";Prosimetry;Narrative;Aided;—;Unknown;https://celt.ucc.ie/published/G301900/text015.html;"Lebor na hUidre; diplomatic"
Aided Néill Nóigiallaig;Kuno Meyer;1260;545;—;"Old Irish;Middle Irish";Prosimetry;Narrative;Aided;—;Unknown;https://celt.ucc.ie//published/G302021/;На редакцию Куно Мейера можно полагаться, не должно быть жесткой нормализации языка (Э. Поппе)
Aided Óenfir Aífe;A. G. van Hamel;2220;1068;800–950;Old Irish;Prose;Narrative;Aided;Ulster cycle;Unknown;https://celt.ucc.ie//published/G301018/;"Van Hamel: ""It would be a great mistake to establish unity where it can never have existed. Of course, the practical object of the present edition made a certain amount of normalizing inevitable"" (цитата из издания, где ""Compert Con Culainn"", ""Aided Óenfir Aífe"", ""Tochmarc Emire"", ""Aided Con Culainn"", конкретно это ван Хамель говорит перед ""Сватовством к Эмер"" — в нем больше всего поправил, особенно важны ошибки в заударных гласных в окончаниях). Но у меня нет ""Сватовства"" в его редакции, а ""Смерти Кухулина"" нет вообще. "
Aigidecht Aithirne;"Richard Irvine Best; Osborn Bergin";—;1141;1150–1195;Middle Irish;Prosimetry;Narrative;Aided;—;Unknown;https://celt.ucc.ie/published/G800011B/text007.html;Lebar na Núachongbála (B)
Ailill Aulom, Mac Con, and Find ua Báiscne;Kuno Meyer;2480;1584;600–900;Old Irish;Prosimetry;Narrative;—;Cycle of the Kings;Unknown;https://celt.ucc.ie//published/G302010/;На редакцию Куно Мейера можно полагаться, не должно быть жесткой нормализации языка (Э. Поппе)
Áirem Muintire Finn;Standish Hayes O'Grady;1080;2940;1100–1200;Middle Irish;Prose;Narrative;—;Fenian cycle;Unknown;https://celt.ucc.ie//published/G303019/
Aislinge Meic Con Glinne;Kenneth Jackson ;15300;10922;1050–1100;Middle Irish;Prosimetry;Narrative;Aislinge;—;Unknown;https://celt.ucc.ie/published/G308002/
Aislinge Óenguso;Francis Shaw;2530;1267;700–800;Old Irish;Prose;Narrative;"Aislinge;Satire";Mythology;Unknown;https://celt.ucc.ie//published/G300001
AMRA CHOLUIM CHILLE;"Richard Irvine Best; Osborn Bergin";—;483;550–1142;"Old Irish;Middle Irish";Prosimetry;—;—;—;Unknown;https://celt.ucc.ie/published/G301900/text003.html;"Lebor na hUidre; diplomatic"
Analad anall uile;"Richard Irvine Best; M.A. O'Brien";—;1088;1150–1192;Middle Irish;Verse;—;—;—;Gilla Cóemáin;https://celt.ucc.ie/published/G800011C/text003.html;Lebar na Núachongbála (C)
Andsu immarbáig ri Lagnib;"Richard Irvine Best; Osborn Bergin";—;159;1150–1227;Middle Irish;Verse;—;—;—;Dubthach hua Lugair;https://celt.ucc.ie//published/G800011A/text038.html;Lebar na Núachongbála (A)
Aní doronsat do chalmu;"Richard Irvine Best; M.A. O'Brien";—;1094;1150–1195;Middle Irish;Verse; –;—;Unknown;https://celt.ucc.ie//published/G800011D/text006.html;Lebar na Núachongbála (D)
ArÍ richid reidig dam;"Richard Irvine Best; M.A. O'Brien";—;2084;1150–1199;Middle Irish;Verse;—;—;—;Gilla in Chomded hua Cormaic;https://celt.ucc.ie/published/G800011C/text010.html;Lebar na Núachongbála (C)
Ascnam ni seol sadal;"Richard Irvine Best; M.A. O'Brien";—;375;1150–1194;Middle Irish;Verse; –;—;Unknown;https://celt.ucc.ie//published/G800011D/text005.html;Lebar na Núachongbála (D)
Athirne Áilgessach & Mider Brí Léith;"Richard Irvine Best; Osborn Bergin";—;543;1150–1193;Middle Irish;Prose;Narrative;—;—;Unknown;https://celt.ucc.ie/published/G800011B/text005.html;Lebar na Núachongbála (B)
Athirne and Amairgen son of Ecet Salach;"Richard Irvine Best; Osborn Bergin";—;178;1150–1194;Middle Irish;Prose;Narrative;—;—;Unknown;https://celt.ucc.ie/published/G800011B/text006.html;Lebar na Núachongbála (B)
Attá sund forba fessa;"Richard Irvine Best; M.A. O'Brien";—;659;1150–1191;Middle Irish;Verse;—;—;—;Gilla Cóemáin;https://celt.ucc.ie/published/G800011C/text002.html;Lebar na Núachongbála (C)
Audacht Morainn;"Richard Irvine Best; M.A. O'Brien";—;1023;1150–1226;Middle Irish;Prose;—;—;—;Unknown;https://celt.ucc.ie//published/G800011E/text041.html;Lebar na Núachongbála (E)
Augaine Már mac ríg Hérend;"Richard Irvine Best; Osborn Bergin";—;107;1150–1207;Middle Irish;Verse;—;—;—;Unknown;https://celt.ucc.ie//published/G800011A/text018.html;Lebar na Núachongbála (A)
Auraicept na n–Éces;George Calder;73125;48306;900–1200;Middle Irish;Prose;Poetics;Poetics;Tracts;Unknown;https://celt.ucc.ie/published/G502003/
Baí rí amra de Grécaib Salemón a ainm;"Richard Irvine Best; M.A. O'Brien";—;423;1150–1209;Middle Irish;Prose;—;—;—;Unknown;https://celt.ucc.ie//published/G800011E/text025.html;Lebar na Núachongbála (E)
Beathadh Sir Gui o Bharbhuic ocus Bethadh Bibuis o Hamtuir;F. N. Robinson;53 260;39033;1400–1500;Middle Irish;Prose;Narrative;Eachtra;Translation;https://celt.ucc.ie//published/G306000/
Beir mo scíath sceo fri úath;"Richard Irvine Best; M.A. O'Brien";—;522;1150–1205;Middle Irish;Verse;—;—;—;Ailill Ulom;https://celt.ucc.ie/published/G800011C/text016.html;Lebar na Núachongbála (C)
Bemmend Branduib for Brega;"Richard Irvine Best; Osborn Bergin";—;125;1150–1235;Middle Irish;Prose;—;—;—;Unknown;https://celt.ucc.ie//published/G800011A/text046.html
Beochobra Con Culaind isind ló fúair bás;"Richard Irvine Best; Osborn Bergin";—;3391;1150–1198;Middle Irish;Prosimetry;Narrative;—;Ulster cycle;Unknown;https://celt.ucc.ie/published/G800011B/text010.html;Lebar na Núachongbála (B)
Bethada Náem nÉrenn;Charles Plummer;130580;103845;1000–1200;"Middle Irish;Early Modern Irish";Prose;Christian;Betha;—;Unknown;https://celt.ucc.ie//published/G201000/
Bodach in Chóta Lachtna;Standish Hayes O'Grady;3410;2586;—;Early Modern Irish;Prose;Narrative;Eachtra;Adventures;Unknown;https://celt.ucc.ie//published/G303022/
Bórama;"Richard Irvine Best; M.A. O'Brien";—;425;1150–1227;Middle Irish;Prosimetry;Narrative;—;—;Unknown;https://celt.ucc.ie//published/G800011E/text042.html;Lebar na Núachongbála (E)
Brandub mac Echach;"Richard Irvine Best; Osborn Bergin";—;30;1150–1233;Middle Irish;Prose;—;—;—;Unknown;https://celt.ucc.ie//published/G800011A/text044.html;Lebar na Núachongbála (A)
Brinna Ferchertne;Kuno Meyer;2150;612;900–1000;"Old Irish;Middle Irish";Prose;Narrative;—;Ulster cycle;Unknown;https://celt.ucc.ie//published/G301023/;На редакцию Куно Мейера можно полагаться, не должно быть жесткой нормализации языка (Э. Поппе)
Brislech Mór Maige Muirthemni;"Richard Irvine Best; Osborn Bergin";—;776;1150–1197;Middle Irish;Prose;Narrative;—;—;Unknown;https://celt.ucc.ie/published/G800011B/text009.html;Lebar na Núachongbála (B)
Bruiden bheg na h–Almaine;Standish Hayes O'Grady;3090;1547;—;Middle Irish;Prose;Narrative;—;Fenian cycle;Unknown;https://celt.ucc.ie//published/G303020/
Bruidhen Chéise Chorainn;Standish Hayes O'Grady;2030;1144;—;Early Modern Irish;Prose;Narrative;—;Fenian cycle;Unknown;https://celt.ucc.ie//published/G303021/
Buí siur Mo Lassi Lethglinni oc légund i fail Mo Lasse;"Richard Irvine Best; M.A. O'Brien";—;11518;1150–1220;Middle Irish;Prosimetry;—;—;—;Unknown;https://celt.ucc.ie//published/G800011E/text035.html;Lebar na Núachongbála (E)
Buile Shuibhne ;J. G. O'Keeffe;23020;15167;1200–1300;"Middle Irish;Early Modern Irish";Prosimetry;Narrative;—;Cycle of the Kings;Unknown;https://celt.ucc.ie//published/G302018/
Caillech dorat a mac dósum do M'Ling;"Richard Irvine Best; M.A. O'Brien";—;266;1150–1217;Middle Irish;Prosimetry;—;—;—;Unknown;https://celt.ucc.ie//published/G800011E/text032.html;Lebar na Núachongbála (E)
Can a mbunadas na nGaedel ;"Richard Irvine Best; M.A. O'Brien";—;1259;1150–1195;Middle Irish;Verse;—;—;—;Mael Muru Othna;https://celt.ucc.ie/published/G800011C/text006.html;Lebar na Núachongbála (C)
Cath Almaine (1);Pádraig Ó Riain;8360;6410;600–900;Old Irish;Prosimetry;Narrative;Cath;Cycle of the Kings;Unknown;https://celt.ucc.ie//published/G302022/;normalised
Cath Almaine (2);Pádraig Ó Riain;8360;600–901;Old Irish;Prosimetry;Narrative;Cath;Cycle of the Kings;Unknown;https://celt.ucc.ie//published/G302022/
Cath Almaine (3);Pádraig Ó Riain;8360;600–902;Old Irish;Prosimetry;Narrative;Cath;Cycle of the Kings;Unknown;https://celt.ucc.ie//published/G302022/
Cath Almaine (diplomatic);Pádraig Ó Riain;8360;600–900;Old Irish;Prosimetry;Narrative;Cath;Cycle of the Kings;Unknown;https://celt.ucc.ie//published/G302022/;Текст из той же рукописи, что и Cath Almaine (1), но только diplomatic-издание
Cath Cairnd Chonaill ria Diarmait mac Aeda Sláni for Guari Adni;"Richard Irvine Best; Osborn Bergin";—;266;550–1162;"Old Irish;Middle Irish";Prosimetry;Narrative;Cath;—;Unknown;https://celt.ucc.ie/published/G301900/text027.html;"Lebor na hUidre; diplomatic"
Cath Carn Chonaill;"Richard Irvine Best; M.A. O'Brien";—;748;1150–1200;Middle Irish;Prosimetry;Narrative;Cath;—;Unknown;https://celt.ucc.ie//published/G800011E/text016.html;Lebar na Núachongbála (E)
Cath Cathardha;Whitley Stokes;74360;57465;900–1200;Middle Irish;Prose;Narrative;—;Adventures;Unknown;https://celt.ucc.ie//published/G305001/
Cath Finntrágha;Cecile O'Rahilly;21000;16884;1400–1500;Middle Irish;Prose;Narrative;Cath;Fenian cycle;Unknown;https://celt.ucc.ie//published/G303002/
Cath Maige Mucrima;"Richard Irvine Best; M.A. O'Brien";—;3476;1150–1224;Middle Irish;Prosimetry;Narrative;Cath;—;Unknown;https://celt.ucc.ie//published/G800011E/text039.html;Lebar na Núachongbála (E)
Cath Maige Tuired (1);Elizabeth A. Gray;9100;7630;1512;Middle Irish;Prosimetry;Narrative;Cath;Mythology;Unknown;https://celt.ucc.ie/published/G300010/;"""Enclitic pronouns and demonstratives are separated from nouns and verbs by dash""; ""in general, proclitics are separated from verbs""; ""the mark of length is supplied where necessary"""
Cath Maige Tuired (2);Whitley Stokes;10127;6251;1512;Middle Irish;Prosimetry;Narrative;Cath;Mythology;Unknown;https://celt.ucc.ie/published/G300011/
Cath Maighe Léna;Kenneth Jackson;27300;15964;—;Early Modern Irish;Prosimetry;Narrative;Cath;Cycle of the Kings;Unknown;https://celt.ucc.ie//published/G302025/
Cath Ruis na Ríg;"Richard Irvine Best; M.A. O'Brien";—;5885;1150–1190;Middle Irish;Prosimetry;Narrative;Cath;Unknown;https://celt.ucc.ie//published/G800011D/text001.html;Lebar na Núachongbála (D)
Cath Sléphe Cáin;Kuno Meyer;384;40;600–900;Old Irish;Prose;Narrative;Cath;Fenian cycle;Unknown;https://celt.ucc.ie//published/G303005/;На редакцию Куно Мейера можно полагаться, не должно быть жесткой нормализации языка (Э. Поппе)
Cathcharpat serda;"Richard Irvine Best; M.A. O'Brien";—;537;1150–1200;Middle Irish;Prose;—;—;Unknown;https://celt.ucc.ie//published/G800011D/text011.html;Lebar na Núachongbála (D)
Cellach Húa Rúanada;"Richard Irvine Best; Osborn Bergin";—;194;1150–1210;Middle Irish;Verse;—;—;—;Unknown;https://celt.ucc.ie//published/G800011A/text021.html;Lebar na Núachongbála (A)
Cerball Currig cáem Life ;"Richard Irvine Best; Osborn Bergin";—;1392;1150–1231;Middle Irish;Verse;—;—;—;Unknown;https://celt.ucc.ie//published/G800011A/text042.html;Lebar na Núachongbála (A)
Cert cech rig co rréil;"Richard Irvine Best; M.A. O'Brien";—;931;1150–1208;Middle Irish;Verse;—;—;—;Fothad na Canone;https://celt.ucc.ie/published/G800011C/text019.html;Lebar na Núachongbála (C)
CETHRI ARDA IN DOMAIN;"Richard Irvine Best; Osborn Bergin";—;248;550–1166;"Old Irish;Middle Irish";Prose;—;—;—;Unknown;https://celt.ucc.ie/published/G301900/text031.html;"Lebor na hUidre; diplomatic"
Cethri srotha déc éicsi;"Richard Irvine Best; Osborn Bergin";—;368;1150–1199;Middle Irish;Prose;—;—;—;Unknown;https://celt.ucc.ie//published/G800011A/text010.html;Lebar na Núachongbála (A)
Cethrur macclerech;"Richard Irvine Best; M.A. O'Brien";—;360;1150–1207;Middle Irish;Prose;—;—;—;Unknown;https://celt.ucc.ie//published/G800011E/text023.html;Lebar na Núachongbála (E)
Cia dír do chlerchib na cell;"Richard Irvine Best; Osborn Bergin";—;31;1150–1238;Middle Irish;Verse;—;—;—;Gormlaith ingen Flainn;https://celt.ucc.ie/published/G800011A/text051.html;Lebar na Núachongbála (A)
Cia triallaid nech aisnis senchais;"Richard Irvine Best; M.A. O'Brien";—;559;1150–1192;Middle Irish;Verse; –;—;Fland Manistrech;https://celt.ucc.ie//published/G800011D/text003.html;Lebar na Núachongbála (D)
Cináed húa Artacáin;"Richard Irvine Best; Osborn Bergin";—;43;1150–1202;Middle Irish;Verse;—;—;—;Unknown;https://celt.ucc.ie//published/G800011A/text013.html;Lebar na Núachongbála (A)
Cind cethri ndíni iar Frigrind;"Richard Irvine Best; M.A. O'Brien";—;548;1150–1193;Middle Irish;Verse; –;—;Fland Manistrech;https://celt.ucc.ie//published/G800011D/text004.html;Lebar na Núachongbála (D)
Clanna Ailella Uluim uill;"Richard Irvine Best; M.A. O'Brien";—;140;1150–1202;Middle Irish;Verse;—;—;—;Unknown;https://celt.ucc.ie/published/G800011C/text013.html;Lebar na Núachongbála (C)
Clanna Falge Ruis in ríg;"Richard Irvine Best; Osborn Bergin";—;822;1150–1236;Middle Irish;Verse;—;—;—;Unknown;https://celt.ucc.ie//published/G800011A/text048.html;Lebar na Núachongbála (A)
Cogad Gaedel re Gallaib;"Richard Irvine Best; M.A. O'Brien";—;2099;1150–1228;Middle Irish;Prosimetry;Narrative;—;—;Unknown;https://celt.ucc.ie//published/G800011E/text043.html;Lebar na Núachongbála (E)
Cóica epscop dodeochatar dochum M'Oedoc Ferna do Bretnaib Cille Muine;"Richard Irvine Best; M.A. O'Brien";—;89;1150–1219;Middle Irish;Prose;—;—;—;Unknown;https://celt.ucc.ie//published/G800011E/text034.html;Lebar na Núachongbála (E)
Cóir Anmann;Whitley Stokes;18600;15490;1050–1200;Middle Irish;Prose;Toponymy;Toponymy;Tracts;Unknown;https://celt.ucc.ie//published/G503002/
Comarbada Patraic;"Richard Irvine Best; Osborn Bergin";—;231;1150–1223;Middle Irish;Prose;—;—;—;Unknown;https://celt.ucc.ie//published/G800011A/text034.html;Lebar na Núachongbála (A)
Comhrag Fir Diadh & Chon Cculainn;Richard Irvine Best;10980;7617;—;Middle Irish;Prosimetry;Narrative;Comrac;Ulster cycle;Unknown;https://celt.ucc.ie//published/G301026/
Compert Con Culaind (Libur Dromma Snechta);"Richard Irvine Best; Osborn Bergin";—;466;550–1169;"Old Irish;Middle Irish";Prosimetry;Narrative;Compert;Ulster cycle;Unknown;https://celt.ucc.ie/published/G301900/text034.html;"Lebor na hUidre; diplomatic"
Compert Con Culainn;A.G. van Hamel;2210;1020;740–860;Old Irish;Prosimetry;Narrative;Compert;Ulster cycle;Unknown;https://celt.ucc.ie//published/G301013/;"Van Hamel: ""It would be a great mistake to establish unity where it can never have existed. Of course, the practical object of the present edition made a certain amount of normalizing inevitable"" (цитата из издания, где ""Compert Con Culainn"", ""Aided Óenfir Aífe"", ""Tochmarc Emire"", ""Aided Con Culainn"", конкретно это ван Хамель говорит перед ""Сватовством к Эмер"" — в нем больше всего поправил, особенно важны ошибки в заударных гласных в окончаниях). Но у меня нет ""Сватовства"" в его редакции, а ""Смерти Кухулина"" нет вообще. "
Compert Conchobuir;Vernam Hull;2070;98;700–800;"Old Irish;Middle Irish;Early Modern Irish";Prosimetry;Narrative;Compert;Ulster cycle;Unknown;https://celt.ucc.ie//published/G301000/
COMPERT MONGAN;"Richard Irvine Best; Osborn Bergin";—;779;550–1173;"Old Irish;Middle Irish";Prosimetry;Narrative;Compert;—;Unknown;https://celt.ucc.ie/published/G301900/text038.html;"Lebor na hUidre; diplomatic"
Comrac Liadaine ocus Cuirithir;Kuno Meyer;2270;836;800–900;"Old Irish;Middle Irish";Prosimetry;Narrative;Comrac;Fenian cycle;Unknown;https://celt.ucc.ie/published/G303027/;На редакцию Куно Мейера можно полагаться, не должно быть жесткой нормализации языка (Э. Поппе)
Comthoth Lóegairi co cretim;"Richard Irvine Best; Osborn Bergin";—;926;550–1163;"Old Irish;Middle Irish";Prosimetry;Narrative;Aided;—;Unknown;https://celt.ucc.ie/published/G301900/text028.html;"Lebor na hUidre; diplomatic"
Conall Corc ocus an Corco Luigde;Kuno Meyer;2750;1726;900–1200;Middle Irish;Prosimetry;Narrative;—;Cycle of the Kings;Unknown;https://celt.ucc.ie//published/G302007/;На редакцию Куно Мейера можно полагаться, не должно быть жесткой нормализации языка (Э. Поппе)
Connachta cid dia tá in t–ainm;"Richard Irvine Best; Osborn Bergin";—;331;1150–1193;Middle Irish;Verse;—;—;—;Unknown;https://celt.ucc.ie//published/G800011A/text004.html;Lebar na Núachongbála (A)
Cormac mac Cuillenáin;J. G. O'Keeffe;1000;419;900–1200;Middle Irish;Prosimetry;Narrative;—;Cycle of the Kings;Unknown;https://celt.ucc.ie//published/G302017/
Cormac ocus Cíarnat;Kuno Meyer;1000;188;900–1200;Early Modern Irish;Prosimetry;Narrative;—;Cycle of the Kings;Unknown;http://research.ucc.ie/celt/document/G302001;На редакцию Куно Мейера можно полагаться, не должно быть жесткой нормализации языка (Э. Поппе)
Crimthan clothrí cóicid Herend;"Richard Irvine Best; Osborn Bergin";—;535;1150–1228;Middle Irish;Verse;—;—;—;Idem Dubthach;https://celt.ucc.ie//published/G800011A/text039.html;Lebar na Núachongbála (A)
Cu Chulaind atbert;"Richard Irvine Best; Osborn Bergin";—;187;1150–1200;Middle Irish;Prose;Narrative;—;Ulster cycle;Unknown;https://celt.ucc.ie/published/G800011B/text012.html;Lebar na Núachongbála (B)
Cuiced Lagen na lecht ríg;"Richard Irvine Best; Osborn Bergin";—;1408;1150–1203;Middle Irish;Verse;—;—;—;Gilla na Naem Hua Duind;https://celt.ucc.ie//published/G800011A/text014.html;Lebar na Núachongbála (A)
Cummíne Fota mac Fiachnai di Eoganacht Chassil;"Richard Irvine Best; M.A. O'Brien";—;342;1150–1222;Middle Irish;Prose;—;—;—;Unknown;https://celt.ucc.ie//published/G800011E/text037.html;Lebar na Núachongbála (E)
Dá brón flatha nime (1);"Richard Irvine Best; M.A. O'Brien";—;714;1150–1206;Middle Irish;Prose;—;—;—;Unknown;https://celt.ucc.ie//published/G800011E/text022.html;Lebar na Núachongbála (E)
Dá brón flatha nime (2);"Richard Irvine Best; Osborn Bergin";—;54;550–1144;"Old Irish;Middle Irish";Prosimetry;Narrative;—;Ulster cycle;Unknown;https://celt.ucc.ie/published/G301900/text005.html;"Lebor na hUidre; diplomatic"
Dallan mac Móre ollam Cerbaill;"Richard Irvine Best; Osborn Bergin";—;280;1150–1243;Middle Irish;Verse;—;—;—;Unknown;https://celt.ucc.ie/published/G800011A/text056.html;Lebar na Núachongbála (A)
De Chopur in dá Muccida;"R. I. Best;M. A. O'Brien";—;841;1150–1190;Middle Irish;Prosimetry;Narrative;Remscél;Ulster cycle;Unknown;https://celt.ucc.ie//published/G800011E/text003.html;Lebar na Núachongbála (E)
De dúlib feda na fored;"Richard Irvine Best; Osborn Bergin";—;132;1150–1212;Middle Irish;Prose;—;—;—;Unknown;https://celt.ucc.ie//published/G800011A/text023.html;Lebar na Núachongbála (A)
De Gabáil in t–Sída;"R. I. Best;M. A. O'Brien";—;220;1150–1190;Middle Irish;Prose;Narrative;—;Mythology;Unknown;https://celt.ucc.ie//published/G800011E/text002.html;Lebar na Núachongbála (E)
De genelogia Con Culaind;"Richard Irvine Best; Osborn Bergin";—;380;550–1161;"Old Irish;Middle Irish";Prose;—;Genealogy;Ulster cycle;Unknown;https://celt.ucc.ie/published/G301900/text026.html;"Lebor na hUidre; diplomatic"
De sruithe saera sonaide;"Richard Irvine Best; Osborn Bergin";—;316;1150–1201;Middle Irish;Verse;—;—;—;Fland Fína;https://celt.ucc.ie//published/G800011A/text012.html;Lebar na Núachongbála (A)
Deirdre;Douglas Hyde;4300;2216;1100–1500;Early Modern Irish;Prose;Narrative;Loinges;Ulster cycle;Unknown;https://celt.ucc.ie//published/G301020/
Desiderius: Sgáthán an Chrábhaidh;Thomas F. O'Rahilly;64100;792;1616;Early Modern Irish;Prose;Christian;—;—;Unknown;https://celt.ucc.ie//published/G208020/
Diambad messe bad rí reil;"Richard Irvine Best; M.A. O'Brien";—;245;1150–1207;Middle Irish;Verse;—;—;—;Dub Dá Thúath;https://celt.ucc.ie/published/G800011C/text018.html;Lebar na Núachongbála (C)
Dían;"Richard Irvine Best; Osborn Bergin";—;8009;1150–1211;Middle Irish;Verse;—;—;—;Unknown;https://celt.ucc.ie//published/G800011A/text022.html;Lebar na Núachongbála (A)
Días macclerech;"Richard Irvine Best; M.A. O'Brien";—;836;1150–1203;Middle Irish;Prose;—;—;—;Unknown;https://celt.ucc.ie//published/G800011E/text019.html;Lebar na Núachongbála (E)
Die ersten Ärzte Irlands;Kuno Meyer;606;777;1517–1518;Early Modern Irish;Prosimetry;Narrative;—;Mythology;Unknown;https://celt.ucc.ie//published/G300006/;На редакцию Куно Мейера можно полагаться, не должно быть жесткой нормализации языка (Э. Поппе)
Die Sage von CuRoi;Rudolf Thurneysen;2325;298;600–900;Old Irish;Prosimetry;Narrative;—;Ulster cycle;Unknown;https://celt.ucc.ie//published/G301031/;Турнейзен — ненадежный редактор, много наисправлял (Э. Поппе)
Die Wiederauffindung der Táin Bó Cúalnge (1);Kuno Meyer;1125;107;700–1200;Middle Irish;Prose;Narrative;Remscél;Ulster cycle;Unknown;https://celt.ucc.ie//published/G302019/;На редакцию Куно Мейера можно полагаться, не должно быть жесткой нормализации языка (Э. Поппе)
Die Wiederauffindung der Táin Bó Cúalnge (2);Kuno Meyer;1549;1021;700–1201;Middle Irish;Prose;Narrative;Remscél;Cycle of the Kings;Unknown;https://celt.ucc.ie//published/G302020/;"Do faillsiugud Tána Bó Cuailngni; На редакцию Куно Мейера можно полагаться, не должно быть жесткой нормализации языка (Э. Поппе)"
Dindgnai Temrach in so sís;"Richard Irvine Best; Osborn Bergin";—;5106;1150–1198;Middle Irish;Prose;—;—;—;Unknown;https://celt.ucc.ie//published/G800011A/text009.html;Lebar na Núachongbála (A)
Do Faillsigud Tána Bó Cúailnge;"R. I. Best;M. A. O'Brien";—;1813;1150–1190;Middle Irish;Prose;Narrative;Remscél;Ulster cycle;Unknown;https://celt.ucc.ie//published/G800011E/text001.html;Lebar na Núachongbála (E)
Do Flaithesaib Hérend Iar Creitim;"Richard Irvine Best; Osborn Bergin";—;790;1150–1192;Middle Irish;Prose;Narrative;—;—;Unknown;https://celt.ucc.ie//published/G800011A/text003.html;Lebar na Núachongbála (A)
Do Flathiusaib Hérend;"Richard Irvine Best; Osborn Bergin";—;409;1150–1192;Middle Irish;Prosimetry;Narrative;—;—;Unknown;https://celt.ucc.ie//published/G800011A/text002.html;Lebar na Núachongbála (A)
Do Fogluim Chonculainn;Whitley Stokes;9600;852;1715;Modern Irish;Prose;Narrative;—;Ulster cycle;Richard Tipper;http://research.ucc.ie/celt/document/G301038;scribe
Do nemthigud filed;"Richard Irvine Best; M.A. O'Brien";—;110;1150–1201;Middle Irish;Prose;—;—;Unknown;https://celt.ucc.ie//published/G800011D/text012.html;Lebar na Núachongbála (D)
Drochcomaithech ro baí i n–ocus dosom;"Richard Irvine Best; M.A. O'Brien";—;435;1150–1214;Middle Irish;Prosimetry;—;—;—;Unknown;https://celt.ucc.ie//published/G800011E/text030.html;Lebar na Núachongbála (E)
Dúan in chóicat cest;Kuno Meyer;1860;550;900–1200;Middle Irish;Prose;—;—;—;Unknown;https://celt.ucc.ie//published/G503020/;На редакцию Куно Мейера можно полагаться, не должно быть жесткой нормализации языка (Э. Поппе)
Echta Lagen for Leth Cuind;"Richard Irvine Best; Osborn Bergin";—;4348;1150–1235;Middle Irish;Verse;—;—;—;Unknown;https://celt.ucc.ie//published/G800011A/text047.html;Lebar na Núachongbála (A)
Echtra Cormaic i Tir Tairngiri;Whitley Stokes;5310;827;900–1000;Middle Irish;Prosimetry;Narrative;Echtra;Adventures;Unknown;https://celt.ucc.ie//published/G302000/
Echtra Laegaire meic Crimthainn;"Richard Irvine Best; M.A. O'Brien";—;616;1150–1199;Middle Irish;Prosimetry;Narrative;Eachtra;—;Unknown;https://celt.ucc.ie//published/G800011E/text015.html;Lebar na Núachongbála (E)
Ectra Condla Chaim meic Cuind Chetchathaig;"Richard Irvine Best; Osborn Bergin";—;483;550–1165;"Old Irish;Middle Irish";Prosimetry;Narrative;Eachtra;—;Unknown;https://celt.ucc.ie/published/G301900/text030.html;"Lebor na hUidre; diplomatic"
Epscop do Gaedelaib dochoid do Róim;"Richard Irvine Best; M.A. O'Brien";—;707;1150–1208;Middle Irish;Prose;—;—;—;Unknown;https://celt.ucc.ie//published/G800011E/text023.html;Lebar na Núachongbála (E)
Esnada Tige Buchet;David Greene;4100;76;800–900;Old Irish;Prosimetry;Narrative;—;Cycle of the Kings;Unknown;https://celt.ucc.ie//published/G302013/
Eсlais Dé bí;"Richard Irvine Best; M.A. O'Brien";—;228;1150–1209;Middle Irish;Verse;—;—;—;Fothad na Canone;https://celt.ucc.ie/published/G800011C/text020.html;Lebar na Núachongbála (C)
Fástini Airt meic Cuind;"Richard Irvine Best; Osborn Bergin";—;15281;550–1164;"Old Irish;Middle Irish";Prosimetry;Narrative;—;Unknown;https://celt.ucc.ie/published/G301900/text029.html;"Lebor na hUidre; diplomatic"
Fechtas aile do M'Ling is Toídin;"Richard Irvine Best; M.A. O'Brien";—;232;1150–1218;Middle Irish;Prosimetry;—;—;—;Unknown;https://celt.ucc.ie//published/G800011E/text033.html;Lebar na Núachongbála (E)
Fechtas do M'ling is Tóidin co n–acca Mael Doborchon;"Richard Irvine Best; M.A. O'Brien";—;522;1150–1213;Middle Irish;Prosimetry;—;—;—;Unknown;https://celt.ucc.ie//published/G800011E/text029.html;Lebar na Núachongbála (E)
Fechtas dósom oc ernaigthi ina eclais;"Richard Irvine Best; M.A. O'Brien";—;183;1150–1216;Middle Irish;Prosimetry;—;—;—;Unknown;https://celt.ucc.ie//published/G800011E/text031.html;Lebar na Núachongbála (E)
Feidlimid athair Echach;"Richard Irvine Best; Osborn Bergin";—;8618;1150–1206;Middle Irish;Verse;—;—;—;Unknown;https://celt.ucc.ie//published/G800011A/text017.html;Lebar na Núachongbála (A)
Feis Tighe Chonáin;Maud Joynt;20140;1230;900–1200;Middle Irish;Prosimetry;Narrative;—;Fenian cycle;Unknown;https://celt.ucc.ie//published/G303010/
Ferchuitred Medba;Kuno Meyer;1900;2212;600–900;Middle Irish;Prose;Narrative;Ulster cycle;Unknown;https://celt.ucc.ie//published/G301010/;На редакцию Куно Мейера можно полагаться, не должно быть жесткой нормализации языка (Э. Поппе)
Fingal Rónáin;David Greene;3890;455;700–1100;Middle Irish;Prosimetry;Narrative;Fingal;Cycle of the Kings;Unknown;https://celt.ucc.ie//published/G302011/
Finn and the Man in the Tree;Kuno Meyer;1900;404;1100–1201;Middle Irish;Prose;Narrative;—;Fenian cycle;Unknown;https://celt.ucc.ie/published/G303012/;На редакцию Куно Мейера можно полагаться, не должно быть жесткой нормализации языка (Э. Поппе)
Finn ocus Grainne;Kuno Meyer;890;132;1200–1300;Middle Irish;Prose;Narrative;—;Fenian cycle;Unknown;https://celt.ucc.ie//published/G303008/;На редакцию Куно Мейера можно полагаться, не должно быть жесткой нормализации языка (Э. Поппе)
Finns Stammbaum und die Fiana;Kuno Meyer;640;10553;900–1200;Middle Irish;Prose;Narrative;—;Fenian cycle;Unknown;https://celt.ucc.ie//published/G303006/;На редакцию Куно Мейера можно полагаться, не должно быть жесткой нормализации языка (Э. Поппе)
Fís Adomnán ;"Richard Irvine Best; Osborn Bergin";—;409;550–1148;"Old Irish;Middle Irish";Prose;Narrative;Vision;—;Unknown;https://celt.ucc.ie/published/G301900/text010.html;"Lebor na hUidre; diplomatic"
Fled Bricend (2);"Richard Irvine Best; Osborn Bergin";—;859;550–1159;"Old Irish;Middle Irish";Prosimetry;Narrative;Fled;Ulster cycle;Unknown;https://celt.ucc.ie/published/G301900/text024.html;"Lebor na hUidre; diplomatic"
Fled Bricrend (1);Ludwig Christian Stern;13000;10164;1400–1600;Middle Irish;Prosimetry;Narrative;Fled;Ulster cycle;Unknown;https://celt.ucc.ie/published/G301022/
Fled Dúin na nGéd;Ruth Lehmann;13755;309;1050–1150;Middle Irish;Prosimetry;Narrative;Fled;Cycle of the Kings;Unknown;https://celt.ucc.ie//published/G302014/
Fochond loingse Fergusa meic Roig;"R. I. Best; M. A. O'Brien";—;136445;1150–1190;Middle Irish;Prosimetry;Narrative;Loinges;Ulster cycle;Unknown;https://celt.ucc.ie//published/G800011E/text006.html;Lebar na Núachongbála (E)
Foras Feasa ar Éirinn ;"David Comyn; Patrick S. Dinneen";160508;205;1628–1634;Early Modern Irish;Prose;History;—;—;Geoffrey Keating;https://celt.ucc.ie//published/G100054/
Forfess Fer Fálgae;Kuno Meyer;1000;812;600–900;Old Irish;Prose;Narrative;—;Ulster cycle;Unknown;https://celt.ucc.ie//published/G301029/;На редакцию Куно Мейера можно полагаться, не должно быть жесткой нормализации языка (Э. Поппе)
Fotha Catha Cnucha;"Richard Irvine Best; Osborn Bergin";—;3561;550–1153;"Old Irish;Middle Irish";Prosimetry;Narrative;—;—;Unknown;https://celt.ucc.ie/published/G301900/text017.html;"Lebor na hUidre; diplomatic"
Fothart for trebaib Con Corbb;"Richard Irvine Best; Osborn Bergin";—;1027;1150–1205;Middle Irish;Verse;—;—;—;Unknown;https://celt.ucc.ie//published/G800011A/text016.html;Lebar na Núachongbála (A)
Genemain Áeda Sláne;"Richard Irvine Best; Osborn Bergin";—;906;550–1156;"Old Irish;Middle Irish";Prosimetry;—;—;—;Unknown;https://celt.ucc.ie/published/G301900/text020.html;"Lebor na hUidre; diplomatic"
Goire Conaill Chernaig i Crúachain ocus Aided Ailella ocus Conaill Chernaig;Kuno Meyer;1730;396;1200–1300;Middle Irish;Prose;Narrative;Aided;Ulster cycle;Unknown;https://celt.ucc.ie//published/G301019/;На редакцию Куно Мейера можно полагаться, не должно быть жесткой нормализации языка (Э. Поппе)
Gormlaith ingen Flaind;"Richard Irvine Best; Osborn Bergin";—;323;1150–1242;Middle Irish;Verse;—;—;—;Unknown;https://celt.ucc.ie/published/G800011A/text055.html;Lebar na Núachongbála (A)
Guidim Comdid cumachtach;"Richard Irvine Best; Osborn Bergin";—;97;1150–1234;Middle Irish;Verse;—;—;—;Unknown;https://celt.ucc.ie//published/G800011A/text045.html;Lebar na Núachongbála (A)
Hebräische Wörter erklärt;Kuno Meyer;768;2721;900–1200;Middle Irish;Prose;Grammar;—;—;Unknown;https://celt.ucc.ie//published/G502006/;На редакцию Куно Мейера можно полагаться, не должно быть жесткой нормализации языка (Э. Поппе)
Hériu ard inis na rríg;"Richard Irvine Best; M.A. O'Brien";—;156;1150–1190;Middle Irish;Verse;—;—;—;Gilla Cóemáin;https://celt.ucc.ie/published/G800011C/text001.html;Lebar na Núachongbála (C)
I cath Gabra;"Richard Irvine Best; M.A. O'Brien";—;234;1150–1219;Middle Irish;Verse;—;—;—;Ossin;https://celt.ucc.ie/published/G800011C/text030.html;Lebar na Núachongbála (C)
Iarfaiged nech acaib dam;"Richard Irvine Best; Osborn Bergin";—;677;1150–1194;Middle Irish;Verse;—;—;—;Cormac mac Culennain;https://celt.ucc.ie//published/G800011A/text005.html;Lebar na Núachongbála (A)
Iartaige na hingine colaige do Grécaib;"Richard Irvine Best; M.A. O'Brien";—;405;1150–1205;Middle Irish;Prose;Narrative;—;—;Unknown;https://celt.ucc.ie//published/G800011E/text021.html;Lebar na Núachongbála (E)
Idem de eodem;"Richard Irvine Best; Osborn Bergin";—;958;1150–1232;Middle Irish;Verse;—;—;—;Unknown;https://celt.ucc.ie//published/G800011A/text043.html;Lebar na Núachongbála (A)
Imacaldaim Calldaoim Cille;Kuno Meyer;1100;914;750–900;Old Irish;Prose;Narrative;Immacallam;—;Unknown;https://celt.ucc.ie/published/G306001/;На редакцию Куно Мейера можно полагаться, не должно быть жесткой нормализации языка (Э. Поппе)
Imacallaim Tuain fri Finnia;Kuno Meyer;1500;36370;—;Middle Irish;Prose;Narrative;Immacallam;Mythology;Unknown;https://celt.ucc.ie//published/G300002/;На редакцию Куно Мейера можно полагаться, не должно быть жесткой нормализации языка (Э. Поппе)
Imeacht na n–Iarlaí;Paul Walsh;51135;182;1607–1609;Early Modern Irish;Prose;—;Diary;—;Tadhg Ó Cianáin;https://celt.ucc.ie//published/G100070
Immacallam in dá Thúarad;"Richard Irvine Best; M.A. O'Brien";—;3210;1150–1199;Middle Irish;Prose;Immacallam;—;Unknown;https://celt.ucc.ie//published/G800011D/text010.html;Lebar na Núachongbála (D)
Immacallam in Druad Brain ocus inna Banfháitho Febuil;Kuno Meyer;940;4155;900–1200;Middle Irish;Prosimetry;Narrative;Immacallam;Mythology;Unknown;https://celt.ucc.ie//published/G300009/;На редакцию Куно Мейера можно полагаться, не должно быть жесткой нормализации языка (Э. Поппе)
Immram curaig Mail Dúin;"Richard Irvine Best; Osborn Bergin";—;276;550–1147;"Old Irish;Middle Irish";Prose;Narrative;Imram;—;Unknown;https://celt.ucc.ie/published/G301900/text009.html;"Lebor na hUidre; diplomatic"
IMRAM BRAIN MEIC FEBAIL;"Richard Irvine Best; Osborn Bergin";—;1789;550–1167;"Old Irish;Middle Irish";Prosimetry;Narrative;Imram;—;Unknown;https://celt.ucc.ie/published/G301900/text032.html;"Lebor na hUidre; diplomatic"
Imrum Bruín Meic Febuil;Séamus Mac Mathúna;4580;1074;750–900;"Old Irish;Middle Irish";Prose;Narrative;Imram;Adventures;Unknown;https://celt.ucc.ie//published/G303028/;diplomatic
Imrum Snedhghusa ocus Mic Ríagla;Whitley Stokes;3670;31946;900–1200;Middle Irish;Prose;Narrative;Imram;Adventures;Unknown;https://celt.ucc.ie//published/G303029/
Imtheachta Æniasa;George Calder;42760;143;1400–1500;Middle Irish;Prose;Narrative;Eachtra (?);Translation;Unknown;https://celt.ucc.ie//published/G305005/
In rigan ecnaid óg fial;"Richard Irvine Best; M.A. O'Brien";—;773;1150–1215;Middle Irish;Verse;—;—;—;Fland Fina;https://celt.ucc.ie/published/G800011C/text026.html;Lebar na Núachongbála (C)
Incipit de maccaib Conaire;"Richard Irvine Best; M.A. O'Brien";—;108;1150–1225;Middle Irish;Prosimetry;—;—;—;Unknown;https://celt.ucc.ie//published/G800011E/text040.html;Lebar na Núachongbála (E)
Inis Dornglais ro gab Crimthann;"Richard Irvine Best; M.A. O'Brien";—;277;1150–1203;Middle Irish;Prose;—;—;Unknown;https://celt.ucc.ie//published/G800011D/text014.html;Lebar na Núachongbála (D)
Inn eól dúib in senchas sen;"Richard Irvine Best; M.A. O'Brien";—;60;1150–1217;Middle Irish;Verse;—;—;—;Fland;https://celt.ucc.ie/published/G800011C/text028.html;Lebar na Núachongbála (C)
Inna hinada hi filet cind erred Ulad;"Richard Irvine Best; Osborn Bergin";—;375;550–1177;"Old Irish;Middle Irish";Prose;—;—;—;Unknown;https://celt.ucc.ie/published/G301900/text042.html;"Lebor na hUidre; diplomatic"
Item de eodem;"Richard Irvine Best; Osborn Bergin";—;1114;1150–1229;Middle Irish;Verse;—;—;—;Unknown;https://celt.ucc.ie//published/G800011A/text040.html;Lebar na Núachongbála (A)
King Eochaid has horse's ears;Kuno Meyer;2290;1086;900–1000;Old Irish;Prosimetry;Narrative;—;—;Unknown;https://celt.ucc.ie//published/G302002/;На редакцию Куно Мейера можно полагаться, не должно быть жесткой нормализации языка (Э. Поппе)
LEBOR BRETNACH;"Richard Irvine Best; Osborn Bergin";—;23061;550–1141;"Old Irish;Middle Irish";Prose;—;—;—;Unknown;https://celt.ucc.ie/published/G301900/text002.html;"Lebor na hUidre; diplomatic"
Lebor Gabála Érenn (Part 1);"Richard Irvine Best; Osborn Bergin";—;99694;1150–1192;Middle Irish;Prosimetry;Narrative;—;Historic;Unknown;https://celt.ucc.ie//published/G800011A/text001.html;Lebar na Núachongbála (A)
Lecht Cormaic meic Culennain;"Richard Irvine Best; Osborn Bergin";—;53069;1150–1225;Middle Irish;Verse;—;—;—;Broccán Craibdech;https://celt.ucc.ie//published/G800011A/text036.html;Lebar na Núachongbála (A)
Lives of the Saints from the Book of Lismore;Whitley Stokes;71130;993;1100–1200;"Middle Irish;Early Modern Irish";Prosimetry;Christian;Betha;—;Unknown;https://celt.ucc.ie//published/G201001/
Longes Chonaill Chuirc;"Richard Irvine Best; M.A. O'Brien";—;2215;1150–1223;Middle Irish;Prose;Narrative;Loinges;—;Unknown;https://celt.ucc.ie//published/G800011E/text038.html;Lebar na Núachongbála (E)
Longes mac n–Uislenn;Vernam Hull;4350;2062;1100–1200;"Old Irish;Middle Irish";Prosimetry;Narrative;Loinges;Ulster cycle;Unknown;https://celt.ucc.ie//published/G301020B/
Longes mac nUsnig;"Richard Irvine Best; M.A. O'Brien";—;470;1150–1193;Middle Irish;Prosimetry;Narrative;Loinges;Ulster cycle;Unknown;https://celt.ucc.ie//published/G800011E/text008.html;Lebar na Núachongbála (E)
Luid Mael Ruain Tamlachta fechtas dia airge;"Richard Irvine Best; M.A. O'Brien";—;269;1150–1221;Middle Irish;Prose;—;—;—;Unknown;https://celt.ucc.ie//published/G800011E/text036.html;Lebar na Núachongbála (E)
Macc Moga Corbb celas clú;"Richard Irvine Best; Osborn Bergin";—;130;1150–1226;Middle Irish;Prosimetry;—;—;—;Medb Lethderg;https://celt.ucc.ie//published/G800011A/text037.html;Lebar na Núachongbála (A)
Macclerech do muntir Ferna móire;"Richard Irvine Best; M.A. O'Brien";—;2863;1150–1212;Middle Irish;Prose;—;—;—;Unknown;https://celt.ucc.ie//published/G800011E/text028.html;Lebar na Núachongbála (E)
Macgnimartha Find;Kuno Meyer;4660;220;1100–1200;Middle Irish;Prosimetry;Narrative;—;Fenian cycle;Unknown;https://celt.ucc.ie//published/G303023/;На редакцию Куно Мейера можно полагаться, не должно быть жесткой нормализации языка (Э. Поппе)
Maiccni Echach ard a ngle;"Richard Irvine Best; M.A. O'Brien";—;347;1150–1218;Middle Irish;Verse;—;—;—;Fland mac Lonain;https://celt.ucc.ie/published/G800011C/text029.html;Lebar na Núachongbála (C)
Mairg thochras ri clerchib cell;"Richard Irvine Best; M.A. O'Brien";—;61;1150–1214;Middle Irish;Verse;—;—;—;Diarmait mac Cerbaill;https://celt.ucc.ie/published/G800011C/text025.html;Lebar na Núachongbála (C)
Marb Cairpre Músc co n–áne;"Richard Irvine Best; Osborn Bergin";—;664;1150–1213;Middle Irish;Verse;—;—;—;Unknown;https://celt.ucc.ie//published/G800011A/text024.html;Lebar na Núachongbála (A)
Masu de chlaind Echdach aird ;"Richard Irvine Best; Osborn Bergin";—;2727;1150–1241;Middle Irish;Verse;—;—;—;Orthanach;https://celt.ucc.ie/published/G800011A/text054.html;Lebar na Núachongbála (A)
Merugud Uilix maicc Leirtis (1);Kuno Meyer;4670;2543;1150–1300;Middle Irish;Prose;Narrative;Eachtra;Translation;Unknown;https://celt.ucc.ie//published/G305003A/;На редакцию Куно Мейера можно полагаться, не должно быть жесткой нормализации языка (Э. Поппе)
Merugud Uilix maicc Leirtis (2);Robert T. Meyer;3920;7406;1150–1300;Middle Irish;Prose;Narrative;Eachtra;Translation;Unknown;https://celt.ucc.ie/published/G305003/
Mesca Ulad (1);J. Carmichael Watson;9340;6172;700–1000;"Old Irish;Middle Irish";Prosimetry;Narrative;—;Ulster cycle;Unknown;https://celt.ucc.ie//published/G301040/;"""The errors of the scribe have been corrected, and a number of emendations admitted; the accentuation is made consistent"""
Mesca Ulad (2);"Richard Irvine Best; M.A. O'Brien";—;1223;1150–1194;Middle Irish;Prosimetry;Narrative;—;Ulster cycle;Unknown;https://celt.ucc.ie//published/G800011E/text009.html;Lebar na Núachongbála (E)
Mesca Ulad (3);"Richard Irvine Best; Osborn Bergin";—;152;550–1145;"Old Irish;Middle Irish";Prose;Narrative;Táin;—;Unknown;https://celt.ucc.ie/published/G301900/text006.html;"Lebor na hUidre; diplomatic"
Messe ocus Pangur Bán;Donnchadh Ó Corráin;1005;932;800–850;Old Irish;Verse;—;—;Unknown;https://celt.ucc.ie/published/G400001/
Mide magen clainne Cuind;"Richard Irvine Best; M.A. O'Brien";—;113;1150–1197;Middle Irish;Verse; –;—;Unknown;https://celt.ucc.ie//published/G800011D/text008.html;Lebar na Núachongbála (D)
Mo Lling Luachra dalta do Maehóc Ferna;"Richard Irvine Best; M.A. O'Brien";—;275;1150–1215;Middle Irish;Prosimetry;—;—;—;Unknown;https://celt.ucc.ie//published/G800011E/text030.html;Lebar na Núachongbála (E)
Mugain ingen Chonchraid chain;"Richard Irvine Best; M.A. O'Brien";—;41;1150–1201;Middle Irish;Verse;—;—;—;Fland Manistrech ;https://celt.ucc.ie/published/G800011C/text012.html;Lebar na Núachongbála (C)
Mugdorn ingen Moga Duib;"Richard Irvine Best; M.A. O'Brien";—;265;1150–1205;Middle Irish;Verse;—;—;Conan gilla Find;https://celt.ucc.ie//published/G800011D/text016.html;Lebar na Núachongbála (D)
Na Trí Fothaid;"Richard Irvine Best; M.A. O'Brien";—;448;1150–1202;Middle Irish;Prosimetry;—;—;Unknown;https://celt.ucc.ie//published/G800011D/text013.html;Lebar na Núachongbála (D)
Niall Frossach;"Richard Irvine Best; M.A. O'Brien";—;155;1150–1196;Middle Irish;Prose;Narrative;—;—;Unknown;https://celt.ucc.ie//published/G800011E/text012.html;Lebar na Núachongbála (E)
Niba me linfes do neoch dara thráth;"Richard Irvine Best; M.A. O'Brien";—;441;1150–1211;Middle Irish;Verse;—;—;—;Fithal & Cormac;https://celt.ucc.ie/published/G800011C/text022.html;Lebar na Núachongbála (C)
Noenden Ulad & Emuin Macha;"Richard Irvine Best; Osborn Bergin";—;141;1150–1205;Middle Irish;Prose;Narrative;—;Ulster cycle;Unknown;https://celt.ucc.ie/published/G800011B/text017.html;Lebar na Núachongbála (B)
Noínden Ulad;Kuno Meyer;750;636;1512;"Old Irish;Middle Irish";Prose;Narrative;—;Ulster cycle;Giolla Riabach Ó Cléirigh;https://celt.ucc.ie//published/G301025/;"scribe; На редакцию Куно Мейера можно полагаться, не должно быть жесткой нормализации языка (Э. Поппе)"
Nuallguba Emire;"Richard Irvine Best; Osborn Bergin";—;99;1150–1201;Middle Irish;Prose;Narrative;—;Ulster cycle;Unknown;https://celt.ucc.ie/published/G800011B/text013.html;Lebar na Núachongbála (B)
Óenach Talten;"Richard Irvine Best; M.A. O'Brien";—;76;1150–1197;Middle Irish;Prose;Narrative;—;—;Unknown;https://celt.ucc.ie//published/G800011E/text013.html;Lebar na Núachongbála (E)
Orait d'Aodh Ruadh mac Neill;"Richard Irvine Best; Osborn Bergin";—;109;550–1179;"Old Irish;Middle Irish";Prose;—;—;—;Unknown;https://celt.ucc.ie/published/G301900/text014.html;"Lebor na hUidre; diplomatic"
Orait do Moelmhuiri mac Ceileachair;"Richard Irvine Best; Osborn Bergin";—;842;550–1178;"Old Irish;Middle Irish";Prose;—;—;—;Unknown;https://celt.ucc.ie/published/G301900/text013.html;"Lebor na hUidre; diplomatic"
Orcguin Néill Noígíallaig;Kuno Meyer;2568;1276;800–1100;Old Irish;Prosimetry;Narrative;Orgun;Cycle of the Kings;Unknown;https://celt.ucc.ie/published/G302003/;На редакцию Куно Мейера можно полагаться, не должно быть жесткой нормализации языка (Э. Поппе)
Orgain Denna Ríg;David Greene;2430;1277;800–900;Old Irish;Prosimetry;Narrative;Orgun;Cycle of the Kings;Unknown;https://celt.ucc.ie//published/G302012/
Orgain Dind Ríg;"Richard Irvine Best; M.A. O'Brien";—;276;1150–1195;Middle Irish;Prosimetry;Narrative;Orgun;Cycle of the Kings;Unknown;https://celt.ucc.ie//published/G800011E/text011.html;Lebar na Núachongbála (E)
Rangordnung der Könige in Tara;Kuno Meyer;600;1490;900–1200;Middle Irish;Verse;Narrative;—;Cycle of the Kings;Unknown;https://celt.ucc.ie//published/G302016/;На редакцию Куно Мейера можно полагаться, не должно быть жесткой нормализации языка (Э. Поппе)
Redig dam a Dé do nim;"Richard Irvine Best; M.A. O'Brien";—;181;1150–1198;Middle Irish;Verse;—;—;—;Dublitir hua Uathgaile;https://celt.ucc.ie/published/G800011C/text009.html;Lebar na Núachongbála (C)
Reges Ossairge;"Richard Irvine Best; Osborn Bergin";—;1430;1150–1218;Middle Irish;Prose;History;—;—;Unknown;https://celt.ucc.ie//published/G800011A/text029.html;Lebar na Núachongbála (A)
Reicne Fothaid Canainne;Kuno Meyer;2640;481;800–900;Old Irish;Prosimetry;Narrative;—;Fenian cycle;Unknown;https://celt.ucc.ie//published/G303016/;На редакцию Куно Мейера можно полагаться, не должно быть жесткой нормализации языка (Э. Поппе)
Ri irissech ro boí do Grecaib;"Richard Irvine Best; M.A. O'Brien";—;965;1150–1204;Middle Irish;Prose;Narrative;—;—;Unknown;https://celt.ucc.ie//published/G800011E/text020.html;Lebar na Núachongbála (E)
Ríg Connacht;"Richard Irvine Best; Osborn Bergin";—;19;1150–1219;Middle Irish;Prose;History;—;—;Unknown;https://celt.ucc.ie//published/G800011A/text030.html;Lebar na Núachongbála (A)
Rig Dail Araide;"Richard Irvine Best; Osborn Bergin";—;660;1150–1221;Middle Irish;Prose;History;—;—;Unknown;https://celt.ucc.ie//published/G800011A/text032.html;Lebar na Núachongbála (A)
Ríg Hérend;"Richard Irvine Best; Osborn Bergin";—;12;1150–1214;Middle Irish;Prose;History;—;—;Unknown;https://celt.ucc.ie//published/G800011A/text025.html;Lebar na Núachongbála (A)
Ríg Hua Cendselaig;"Richard Irvine Best; Osborn Bergin";—;1242;1150–1216;Middle Irish;Prose;History;—;—;Unknown;https://celt.ucc.ie//published/G800011A/text027.html;Lebar na Núachongbála (A)
Rig Hua Falge;"Richard Irvine Best; Osborn Bergin";—;377;1150–1217;Middle Irish;Prose;History;—;—;Unknown;https://celt.ucc.ie//published/G800011A/text028.html;Lebar na Núachongbála (A)
Ríg Lagen;"Richard Irvine Best; Osborn Bergin";—;313;1150–1215;Middle Irish;Prose;History;—;—;Unknown;https://celt.ucc.ie//published/G800011A/text026.html;Lebar na Núachongbála (A)
Rig Themra dia tesband tnú ;"Richard Irvine Best; M.A. O'Brien";—;603;1150–1193;Middle Irish;Verse;—;—;—;Fland Manistrech ;https://celt.ucc.ie/published/G800011C/text004.html;Lebar na Núachongbála (C)
Rig Themra toebaige iar tain;"Richard Irvine Best; M.A. O'Brien";—;306;1150–1194;Middle Irish;Verse;—;—;—;Fland;https://celt.ucc.ie/published/G800011C/text005.html;Lebar na Núachongbála (C)
Rig Uisnig;"Richard Irvine Best; Osborn Bergin";—;683;1150–1222;Middle Irish;Prose;History;—;—;Unknown;https://celt.ucc.ie//published/G800011A/text033.html;Lebar na Núachongbála (A)
Rig Ulad;"Richard Irvine Best; Osborn Bergin";—;127;1150–1220;Middle Irish;Prose;History;—;—;Unknown;https://celt.ucc.ie//published/G800011A/text031.html;Lebar na Núachongbála (A)
Rofessa i curp domuin dúir;"Richard Irvine Best; M.A. O'Brien";—;1349;1150–1196;Middle Irish;Verse;—;—;—;Mac Cosse fer legind Ruis Ailithir;https://celt.ucc.ie/published/G800011C/text007.html;Lebar na Núachongbála (C)
Rоchuala la nech legas libru;"Richard Irvine Best; M.A. O'Brien";—;2391;1150–1210;Middle Irish;Verse;—;—;—;Mo Lling;https://celt.ucc.ie/published/G800011C/text021.html;Lebar na Núachongbála (C)
Saltair na Rann;Whitley Stokes;38800;562;1000–1070;Middle Irish;Verse;Christian;Psalms;—;Flaithrí Ó Maolchonaire;https://celt.ucc.ie//published/G202001/
Sanas Cormaic;"Richard Irvine Best; M.A. O'Brien";—;1474;1150–1191;Middle Irish;Prose; –;—;—;Unknown;https://celt.ucc.ie//published/G800011D/text002.html;Lebar na Núachongbála (D)
Scel asa mberar combad hé Find mac Cumaill Mongán;"Richard Irvine Best; Osborn Bergin";—;28178;550–1174;"Old Irish;Middle Irish";Prose;Narrative;Scél;—;Unknown;https://celt.ucc.ie/published/G301900/text039.html;"Lebor na hUidre; diplomatic"
Scél Baili Binnbérlaig;Kuno Meyer;2250;287;1000–1100;Middle Irish;Prosimetry;Narrative;Scél;Ulster cycle;Unknown;https://celt.ucc.ie/published/G301042/;На редакцию Куно Мейера можно полагаться, не должно быть жесткой нормализации языка (Э. Поппе)
Scél Mongán;"Richard Irvine Best; Osborn Bergin";—;622;550–1175;"Old Irish;Middle Irish";Prosimetry;Narrative;Scél;—;Unknown;https://celt.ucc.ie/published/G301900/text040.html;"Lebor na hUidre; diplomatic"
Scel Mucci Meic Da Thó;"Richard Irvine Best; Osborn Bergin";—;578;1150–1191;Middle Irish;Prosimetry;Narrative;Scél;Ulster cycle;Unknown;https://celt.ucc.ie/published/G800011B/text003.html;Lebar na Núachongbála (B)
Scél Tuain meic Cairill do Finnen Maige Bile;"Richard Irvine Best; Osborn Bergin";—;1153;550–1143;"Old Irish;Middle Irish";Prosimetry;Narrative;Scél;—;Unknown;https://celt.ucc.ie/published/G301900/text004.html;"Lebor na hUidre; diplomatic"
Scéla Chonchobuir;"Richard Irvine Best; Osborn Bergin";—;1555;1150–1190;Middle Irish;Prose;Narrative;Scél;Ulster cycle;Unknown;https://celt.ucc.ie//published/G800011B/text001.html;Lebar na Núachongbála (B)
Scéla laí brátha;"Richard Irvine Best; Osborn Bergin";—;2712;550–1149;"Old Irish;Middle Irish";Prose;Narrative;Scél;—;Unknown;https://celt.ucc.ie/published/G301900/text011.html;"Lebor na hUidre; diplomatic"
Scéla Mucce Meic Dathó;Rudolf Thurneysen;4720;2113;600–900;Old Irish;Prosimetry;Narrative;Scél;Ulster cycle;Unknown;https://celt.ucc.ie//published/G301016/;"""My aim is not tot reconstruct the original, but, as closely as possible, the common source from which the three possible MSS derive"". Турнейзен — ненадежный редактор, много наисправлял (Э. Поппе)"
Scéla na esergi;"Richard Irvine Best; Osborn Bergin";—;3057;550–1150;"Old Irish;Middle Irish";Prose;Narrative;Scél;—;Unknown;https://celt.ucc.ie/published/G301900/text012.html;"Lebor na hUidre; diplomatic"
Seirgligi Con Culaind & óenét Emire;"Richard Irvine Best; Osborn Bergin";—;5791;550–1154;"Old Irish;Middle Irish";Prosimetry;Narrative;—;Ulster cycle;Unknown;https://celt.ucc.ie/published/G301900/text018.html;"Lebor na hUidre; diplomatic"
Senchán Torpéist;"Richard Irvine Best; M.A. O'Brien";—;5761;1150–1203;Middle Irish;Verse;—;—;—;Unknown;https://celt.ucc.ie/published/G800011C/text014.html;Lebar na Núachongbála (C)
Senchas Ailiúin Chobthaig;"Richard Irvine Best; M.A. O'Brien";—;315;1150–1201;Middle Irish;Prosimetry;—;—;—;Unknown;https://celt.ucc.ie//published/G800011E/text017.html;Lebar na Núachongbála (E)
Senchas na relec;"Richard Irvine Best; Osborn Bergin";—;479;550–1155;"Old Irish;Middle Irish";Prosimetry;—;—;—;Unknown;https://celt.ucc.ie/published/G301900/text019.html;"Lebor na hUidre; diplomatic"
Serglige Con Culainn;Myles Dillon;10140;55123;800–1000;Old Irish;Prosimetry;Narrative;—;Ulster cycle;Unknown;https://celt.ucc.ie//published/G301015/;Редактор чуть-чуть подправил фады, но текст не нормализовывал (ура)
SEX AETATES MUNDI;"Richard Irvine Best; Osborn Bergin";—;342;550–1140;"Old Irish;Middle Irish";Prose;History;—;—;Unknown;https://celt.ucc.ie/published/G301900/text001.html;"Lebor na hUidre; diplomatic"
Síaburcharpat Con Culainn (1);Kuno Meyer;2625;1482;600–900;Old Irish;Prosimetry;Narrative;—;Ulster cycle;Unknown;https://celt.ucc.ie//published/G301008/;На редакцию Куно Мейера можно полагаться, не должно быть жесткой нормализации языка (Э. Поппе)
Síaburcharpat Con Culainn (2);"Richard Irvine Best; Osborn Bergin";—;542;550–1160;"Old Irish;Middle Irish";Prosimetry;Narrative;—;Ulster cycle;Unknown;https://celt.ucc.ie/published/G301900/text025.html;"Lebor na hUidre; diplomatic"
Síaburcharpat Con Culainn (3);"Richard Irvine Best; Osborn Bergin";—;2002;1150–1199;Middle Irish;Prose;Narrative;—;Ulster cycle;Unknown;https://celt.ucc.ie/published/G800011B/text011.html;Lebar na Núachongbála (B)
Síl Aeda Sláne na sleg;"Richard Irvine Best; M.A. O'Brien";—;634;1150–1198;Middle Irish;Verse; –;—;Unknown;https://celt.ucc.ie//published/G800011D/text009.html;Lebar na Núachongbála (D)
Slan seiss a Brigit co mbuaid;"Richard Irvine Best; Osborn Bergin";—;116;1150–1237;Middle Irish;Verse;—;—;—;Unknown;https://celt.ucc.ie/published/G800011A/text049.html;Lebar na Núachongbála (A)
Sloiged már rucsat Gréic co Hebríb fechtas n–aile;"Richard Irvine Best; M.A. O'Brien";—;603;1150–1210;Middle Irish;Prose;—;—;—;Unknown;https://celt.ucc.ie//published/G800011E/text026.html;Lebar na Núachongbála (E)
Stair Nuadat Find Femin;Käte Müller–Lisowski;9960;7055;1200–1300;"Old Irish;Middle Irish";Prosimetry;Narrative;—;Stair Nuadat Find Femin;Unknown;https://celt.ucc.ie/published/G300013/;Before 1300
Táin Bó Cúailnge (BL);Cecile O'Rahilly;56150;45447;1100–1135;"Old Irish;Middle Irish";Prosimetry;Narrative;Táin;Ulster cycle;Unknown;https://celt.ucc.ie//published/G301035/
Táin Bó Cúailnge (Recension I);Cecile O'Rahilly;47230;34640;550–1100;"Old Irish;Middle Irish";Prosimetry;Narrative;Táin;Ulster cycle;Unknown;https://celt.ucc.ie//published/G301012/;"marks of length have been supplied where omitted by te scribe; diphtongs eó, iú generalised"
Táin bó Dartada;"Richard Irvine Best; Osborn Bergin";—;2748;550–1146;"Old Irish;Middle Irish";Prose;Narrative;Táin;—;Unknown;https://celt.ucc.ie/published/G301900/text007.html;"Lebor na hUidre; diplomatic"
Táin Bó Flidais;"Richard Irvine Best; Osborn Bergin";—;766;550–1140;"Old Irish;Middle Irish";Prosimetry;Narrative;Táin;Ulster cycle;Unknown;https://celt.ucc.ie/published/G301900/text008.html;"Lebor na hUidre; diplomatic"
Tain Bó Flidaisi;"Richard Irvine Best; M.A. O'Brien";—;3396;1150–1191;Middle Irish;Prose;Narrative;Táin;Ulster cycle;Unknown;https://celt.ucc.ie//published/G800011E/text004.html;Lebar na Núachongbála (E)
Tain Bó Fraich;"Richard Irvine Best; M.A. O'Brien";—;227;1150–1192;Middle Irish;Prose;Narrative;Táin;Ulster cycle;Unknown;https://celt.ucc.ie//published/G800011E/text005.html;Lebar na Núachongbála (E)
Táin Bó Fráich;Wolfgang Meid;5650;3457;600–900;Old Irish;Prose;Narrative;Táin;Ulster cycle;Unknown;https://celt.ucc.ie/published/G301006
Táin Bó Regamna;"Whitley Stoke; Ernst Windisch; Johan Corthals";1570;1467;600–900;Old Irish;Prosimetry;Narrative;Táin;Ulster cycle;Unknown;https://celt.ucc.ie//published/G301005/
Táin Bó Regamon;Danielle Malek;4900;863;800–900;Old Irish;Prose;Narrative;Táin;Ulster cycle;Unknown;https://celt.ucc.ie/published/G301004
Táin Bó Rúanaid;Kuno Meyer;580;2305;900–1200;Middle Irish;Prose;Narrative;Táin;Ulster cycle;Unknown;https://celt.ucc.ie/published/G301024/;На редакцию Куно Мейера можно полагаться, не должно быть жесткой нормализации языка (Э. Поппе)
Tairired na nDéisi;Kuno Meyer;6732;3002;700–800;Old Irish;Prose;Narrative;Tairired;—;Unknown;https://celt.ucc.ie/published/G302005/;На редакцию Куно Мейера можно полагаться, не должно быть жесткой нормализации языка (Э. Поппе)
Talland Etair;"Richard Irvine Best; Osborn Bergin";—;1446;1150–1192;Middle Irish;Prosimetry;Narrative;—;—;Unknown;https://celt.ucc.ie/published/G800011B/text004.html;Lebar na Núachongbála (B)
Tech Midchúarda;"Richard Irvine Best; Osborn Bergin";—;3616;1150–1197;Middle Irish;Prosimetry;—;—;—;Unknown;https://celt.ucc.ie//published/G800011A/text008.html;Lebar na Núachongbála (A)
Tecosca Cormaic;Kuno Meyer;7050;7571;800–850;Old Irish;Prosimetry;—;—;—;Unknown;https://celt.ucc.ie//published/G503001/;На редакцию Куно Мейера можно полагаться, не должно быть жесткой нормализации языка (Э. Поппе)
Teist Chathail meic Finguine;"Richard Irvine Best; M.A. O'Brien";—;156;1150–1213;Middle Irish;Verse;—;—;—;Unknown;https://celt.ucc.ie/published/G800011C/text024.html;Lebar na Núachongbála (C)
Temaile fáid Miled Espáin;"Richard Irvine Best; M.A. O'Brien";—;456;1150–1204;Middle Irish;Prose;—;—;Unknown;https://celt.ucc.ie//published/G800011D/text015.html;Lebar na Núachongbála (D)
Temair Breg bale na fian;"Richard Irvine Best; Osborn Bergin";—;619;1150–1204;Middle Irish;Verse;—;—;—;UnknownCuan Hua Lothchain;https://celt.ucc.ie//published/G800011A/text015.html;Lebar na Núachongbála (A)
Tesmolad Cormaic mac Airt;Standish Hayes O'Grady;1775;7534;1100–1200;Middle Irish;Prosimetry;Narrative;—;—;Unknown;https://celt.ucc.ie//published/G303024/
The Book of Marco Polo;Whitley Stokes;17120;13170;1400–1499;Early Modern Irish;Prose;Narrative;Eachtra (?);Translation;Unknown;https://celt.ucc.ie//published/G305002/
The Chase of Síd na mBan and the Death of Finn;Kuno Meyer;11150;4942;1419;Early Modern Irish;Prosimetry;Narrative;—;Fenian cycle;Unknown;https://celt.ucc.ie//published/G303015/;На редакцию Куно Мейера можно полагаться, не должно быть жесткой нормализации языка (Э. Поппе)
The Death–Tales of the Ulster Heroes;Kuno Meyer;9590;587;600–900;"Old Irish;Middle Irish";Prosimetry;Narrative;Aided;Ulster cycle;Unknown;https://celt.ucc.ie//published/G301037/;На редакцию Куно Мейера можно полагаться, не должно быть жесткой нормализации языка (Э. Поппе)
The Dindshenchas of Emain Macha;Kuno Meyer;1430;370;600–900;Old Irish;Prose;Narrative;Toponymy;Ulster cycle;Unknown;https://celt.ucc.ie//published/G301033/;На редакцию Куно Мейера можно полагаться, не должно быть жесткой нормализации языка (Э. Поппе)
The four jewels of the Tuatha Dé Danann;Vernam Hull;1326;446;900–1200;Middle Irish;Prosimetry;Narrative;—;Mythology;Unknown;https://celt.ucc.ie//published/G300008/
The Gaelic Maundeville;Whitley Stokes;26 830;21422;1475;Early Modern Irish;Prose;Narrative;Translation;Adventures;Fingin O'Mahony;https://celt.ucc.ie//published/G305000/;?
The Glenmasan Manuscript;Donald Mackinnon;56000;36404;1490–1500;Middle Irish;Prosimetry;Narrative;—;Ulster cycle;Unknown;https://celt.ucc.ie//published/G800012/;Toraigecht tana bo Flidaise
The Martyrology of Oengus the Culdee;Whitley Stokes;21875;11354;828–833;Old Irish;Prosimetry;Christian;Martyrology;—;Óengus mac Óengobann;https://celt.ucc.ie//published/G200001/
The Passions and the Homilies from Leabhar Breac;Robert Atkinson;117245;95656;900–1200;Middle Irish;Prose;Christian;Homilies;—;Unknown;https://celt.ucc.ie//published/G206000/
The Quarrel between Finn and Oisín;Kuno Meyer;2750;9214;800–900;Old Irish;Prosimetry;Narrative;—;Fenian cycle;Unknown;https://celt.ucc.ie//published/G303011/;На редакцию Куно Мейера можно полагаться, не должно быть жесткой нормализации языка (Э. Поппе)
The Voyage of the Hui Corra;Whitley Stokes;11400;5009;1000–1100;Middle Irish;Prosimetry;Narrative;Imram;Adventures;Unknown;https://celt.ucc.ie/published/G303030/
Tochmarc Ailbe;Rudolf Thurneysen;4900;1591;900–1200;Middle Irish;Prosimetry;Narrative;Tochmarc;Fenian cycle;Unknown;https://celt.ucc.ie//published/G303009;Турнейзен — ненадежный редактор, много наисправлял (Э. Поппе)
Tochmarc Emire (1);Kuno Meyer;15500;82;600–900;"Old Irish;Middle Irish";Prosimetry;Narrative;Tochmarc;Ulster cycle;Unknown;http://research.ucc.ie/celt/document/G301021;На редакцию Куно Мейера можно полагаться, не должно быть жесткой нормализации языка (Э. Поппе)
Tochmarc Emire (2);"Richard Irvine Best; Osborn Bergin";—;619;550–1168;"Old Irish;Middle Irish";Prosimetry;Narrative;Tochmarc;Ulster cycle;Unknown;https://celt.ucc.ie/published/G301900/text033.html;"Lebor na hUidre; diplomatic"
Tochmarc Étaíne (1);"Richard Irvine Best; Osborn Bergin";13435;837;900–1200;Middle Irish;Prosimetry;Narrative;Tochmarc;Mythology;Unknown;https://celt.ucc.ie//published/G300012/
Tochmarc Étaíne (2);"Richard Irvine Best; Osborn Bergin";—;1151;550–1170;"Old Irish;Middle Irish";Prosimetry;Narrative;Tochmarc;Mythology;Unknown;https://celt.ucc.ie/published/G301900/text035.html;"Lebor na hUidre; diplomatic"
Tochmarc Étaíne (3);"Richard Irvine Best; Osborn Bergin";—;12370;550–1171;"Old Irish;Middle Irish";Prosimetry;Narrative;Tochmarc;Mythology;Unknown;https://celt.ucc.ie/published/G301900/text036.html;"Lebor na hUidre; diplomatic"
Tochmarc Étaíne (4);"Richard Irvine Best; Osborn Bergin";—;1167;550–1172;"Old Irish;Middle Irish";Prosimetry;Narrative;Tochmarc;Mythology;Unknown;https://celt.ucc.ie/published/G301900/text037.html;"Lebor na hUidre; diplomatic"
Tochmarc Moméra;Eugene Curry;2850;1875;1391;Middle Irish;Prosimetry;Narrative;Tochmarc;—;Gilla Isa Mac Firbis;https://celt.ucc.ie//published/G302024/;scribe
Tochmarch Ferbe;"R. I. Best;M. A. O'Brien";—;6150;1150–1190;Middle Irish;Prosimetry;Narrative;Tochmarc;Ulster cycle;Unknown;https://celt.ucc.ie/published/G800011E/text007.html;Lebar na Núachongbála (E)
Togail Bruidne Da Derga (1);Eleanor Knott;27650;12951;600–900;Old Irish;Prosimetry;Narrative;Togail;Ulster cycle;Unknown;https://celt.ucc.ie//published/G301017;Редактор немного поправила фады и в нескольких случаях леницию, но особо в манускрипт не вмешивалась
Togail Bruidne Da Derga (2);"Richard Irvine Best; Osborn Bergin";—;868;550–1158;"Old Irish;Middle Irish";Prosimetry;Narrative;Togail;Ulster cycle;Unknown;https://celt.ucc.ie/published/G301900/text023.html;"Lebor na hUidre; diplomatic"
Togail na Tebe;George Calder;58000;47516;1400–1500;Middle Irish;Prose;Narrative;Togail;Translation;Unknown;https://celt.ucc.ie//published/G305004/;Фиваида / Thebaid
Togail tSitha Truim;Kuno Meyer;583;50;900–1200;Middle Irish;Prose;Narrative;Togail;Mythology;Unknown;https://celt.ucc.ie//published/G300004/;На редакцию Куно Мейера можно полагаться, не должно быть жесткой нормализации языка (Э. Поппе)
Toghmarc Baisi;Kuno Meyer;580;62;900–1200;Middle Irish;Prose;Narrative;Tochmarc;Mythology;Unknown;https://celt.ucc.ie//published/G300005/;На редакцию Куно Мейера можно полагаться, не должно быть жесткой нормализации языка (Э. Поппе)
Tomus tighe mec ind Ócc;Kuno Meyer;672;536;900–1200;Middle Irish;Verse;Narrative;—;Mythology;Unknown;https://celt.ucc.ie/published/G300007/;На редакцию Куно Мейера можно полагаться, не должно быть жесткой нормализации языка (Э. Поппе)
Tóraighecht in Ghilla Dhecair ocus a chapaill;Standish Hayes O'Grady;8544;592;1765;Early Modern Irish;Prosimetry;Narrative;Tóraidecht;Fenian cycle;Labhrás Mac Analla;https://celt.ucc.ie//published/G303025/;scribe
Traigshruth Firchertne;Kuno Meyer;1100;140;600–1200;"Old Irish;Middle Irish";Prose;Grammar;—;—;Unknown;https://celt.ucc.ie//published/G500001/;На редакцию Куно Мейера можно полагаться, не должно быть жесткой нормализации языка (Э. Поппе)
Trefocul;"Richard Irvine Best; Osborn Bergin";—;136;1150–1209;Middle Irish;Prosimetry;—;—;—;Unknown;https://celt.ucc.ie//published/G800011A/text020.html;Lebar na Núachongbála (A)
Tréide Cétna Labratar Iarna Genemain;"Richard Irvine Best; Osborn Bergin";—;193;1150–1206;Middle Irish;Prose;Narrative;—;—;Unknown;https://celt.ucc.ie/published/G800011B/text018.html;Lebar na Núachongbála (B)
Trí Dee Donand;"Richard Irvine Best; Osborn Bergin";—;1605;1150–1200;Middle Irish;Prose;—;—;—;Unknown;https://celt.ucc.ie//published/G800011A/text011.html;Lebar na Núachongbála (A)
Trí Fothaid Elgga cen chron;"Richard Irvine Best; M.A. O'Brien";—;59;1150–1204;Middle Irish;Verse;—;—;—;Unknown;https://celt.ucc.ie/published/G800011C/text015.html;Lebar na Núachongbála (C)
Triar macclerech;"Richard Irvine Best; M.A. O'Brien";—;250;1150–1211;Middle Irish;Prose;—;—;—;Unknown;https://celt.ucc.ie//published/G800011E/text027.html;Lebar na Núachongbála (E)
Tromdámh Guaire;Maud Joynt;15325;10402;900–1200;Early Modern Irish;Prosimetry;Narrative;—;Cycle of the Kings;Unknown;https://celt.ucc.ie//published/G301041/
Tuan mac Cairill;Kuno Meyer;1060;745;1000–1200;Middle Irish;Verse;Narrative;—;Historic;Unknown;https://celt.ucc.ie/published/G300003/;На редакцию Куно Мейера можно полагаться, не должно быть жесткой нормализации языка (Э. Поппе)
Túarastla Rosa Failgi;"Richard Irvine Best; Osborn Bergin";—;557;1150–1239;Middle Irish;Prose;—;—;—;Unknown;https://celt.ucc.ie/published/G800011A/text052.html;Lebar na Núachongbála (A)
Túathal Techtmar;"Richard Irvine Best; Osborn Bergin";—;996;1150–1240;Middle Irish;Prose;—;—;—;Unknown;https://celt.ucc.ie/published/G800011A/text053.html;Lebar na Núachongbála (A)
Túathal Techtmar ba rí Temrach;"Richard Irvine Best; Osborn Bergin";—;48;1150–1208;Middle Irish;Prosimetry;—;—;—;Unknown;https://celt.ucc.ie//published/G800011A/text019.html;Lebar na Núachongbála (A)
Tucait baile Mongán;"Richard Irvine Best; Osborn Bergin";—;211;550–1176;"Old Irish;Middle Irish";Prose;Narrative;—;—;Unknown;https://celt.ucc.ie/published/G301900/text041.html;"Lebor na hUidre; diplomatic"
Tucait innarba na nDessi i mMumain & aided Chormaic;"Richard Irvine Best; Osborn Bergin";—;787;550–1157;"Old Irish;Middle Irish";Prosimetry;Narrative;Aided;—;Unknown;https://celt.ucc.ie/published/G301900/text021.html;"Lebor na hUidre; diplomatic"
Turim Tigi Temrach;"Richard Irvine Best; Osborn Bergin";—;448;1150–1196;Middle Irish;Prosimetry;—;—;—;Unknown;https://celt.ucc.ie//published/G800011A/text007.html;Lebar na Núachongbála (A)
Two Tales about Finn;Kuno Meyer;1360;72;1100–1200;Middle Irish;Prosimetry;Narrative;—;Fenian cycle;Unknown;https://celt.ucc.ie//published/G303013/;На редакцию Куно Мейера можно полагаться, не должно быть жесткой нормализации языка (Э. Поппе)
Úar in lathe do Lum Luine;"Richard Irvine Best; M.A. O'Brien";—;167;1150–1200;Middle Irish;Verse;—;—;—;Unknown;https://celt.ucc.ie/published/G800011C/text011.html;Lebar na Núachongbála (C)
Uath Beinne Etair;Kuno Meyer;2600;525;900–1000;Middle Irish;Prosimetry;Narrative;—;Fenian cycle;Unknown;https://celt.ucc.ie//published/G303014/;На редакцию Куно Мейера можно полагаться, не должно быть жесткой нормализации языка (Э. Поппе)
Urteilsspruch wegen entwendeter und beschädigter Pferde;Kuno Meyer;760;229;900–1200;Middle Irish;Prose;Narrative;—;—;Unknown;https://celt.ucc.ie/published/G302015/;На редакцию Куно Мейера можно полагаться, не должно быть жесткой нормализации языка (Э. Поппе)
Verba Scáthaige;Rudolf Thurneysen;960;164;600–900;Old Irish;Prosimetry;Narrative;—;Ulster cycle;Unknown;https://celt.ucc.ie//published/G301032;Турнейзен — ненадежный редактор, много наисправлял (Э. Поппе)
Verschiedenes aus Harley 5280, fol. 57b;Kuno Meyer;665;147;900–1200;Middle Irish;Prose;Narrative;—;Ulster cycle;Unknown;https://celt.ucc.ie//published/G301030/;На редакцию Куно Мейера можно полагаться, не должно быть жесткой нормализации языка (Э. Поппе)